respondent_id,question,answer_text,ai_main_category,ai_sub_category,ai_secondary_sub_category,ai_reasoning,ai_summary,ai_confidence,ai_methodology,ai_citation,ai_secondary_methodology,ai_secondary_citation,status,error_detail
1,針對主管領導和部門合作這兩項，如果您有機會直接向管理層提出各...,1. 主管領導 : 在平常公司月會已有感謝的時間，自己Team的月會就無需要再感謝了。因為平常合作就已有當下表示感謝，有時候因為案子忙的關係不一定會有跟其他人接觸。如果當下自己沒有收到感謝，其實很不喜歡這種尷尬的感覺，雖然自己也要檢討為什麼沒有收到他人的感謝，但是會認為有時候是每個專案性質的不同。 2. 部門合作 : 有時候還是會感受到跨部門間，沒有辦法太多的理解。也許偶爾相互輪調一下工作或是有機會協助，能更感同身受?（T2）,主管領導,A2 回饋與溝通,B1 溝通與協調機制,受試者對形式化的感謝感到尷尬（A2），並建議透過跨部門輪調或協助來增進理解（B1）。,建議減少形式化感謝，並透過跨部門輪調或協助機制提升部門間的理解。,high,互動與溝通需求分析,"Malone, T. W., & Crowston, K. (1994). The interdisciplinary study of coordination. ACM Computing Surveys, 26(1), 87–119. https://doi.org/10.1145/174666.174668",流程瓶頸分析,"Malone, T. W., & Crowston, K. (1994). The interdisciplinary study of coordination. ACM Computing Surveys, 26(1), 87–119. https://doi.org/10.1145/174666.174668",completed,
2,針對主管領導和部門合作這兩項，如果您有機會直接向管理層提出各...,1.落實知識管理與內部規範。 2.需持續再說明、再教育的時間投入。（講師）,部門合作,B3 權責界定與規範落實,,回覆明確指出需要落實內部規範，並強調透過再教育與說明來確保人員理解，符合權責界定與規範落實的定義。,建議加強內部規範的知識管理，並投入時間進行持續性的再教育與說明。,high,角色界定與規範內化分析,"Rizzo, J. R., House, R. J., & Lirtzman, S. I. (1970). Role conflict and ambiguity in complex organizations. Administrative Science Quarterly, 15(2), 150–163.",,,completed,
3,針對主管領導和部門合作這兩項，如果您有機會直接向管理層提出各...,公司已經把講師照顧得很好，我們的聲音都會定期被聽見，因此沒有更多的建議！ 倒是我覺得講師也該聽聽團隊們的回饋與建議，如果有什麼事情是講師可以幫忙，請不用客氣，特別是只要講師稍微做點事就可以幫團隊節省時間的做法，請讓講師們知道，畢竟大家課量都很多，工時都很長，希望講師們也可以幫上一些忙！（講師）,部門合作,B2 支援協作,C1 正向回饋,受試者肯定公司對講師的照顧（C1），並呼籲講師與團隊間應加強互助，透過講師主動協助以減輕團隊工作負擔（B2）。,肯定公司照顧，並建議講師應主動協助團隊以節省工時與提升效率。,high,互惠與責任承擔分析,"Jolly, P. M., Kong, D. T., & Kim, K. Y. (2021). Social support at work: An integrative review. Journal of Organizational Behavior, 42(2), 229–251. https://doi.org/10.1002/job.2485",組織支持與正向回饋分析,"Eisenberger, R., Huntington, R., Hutchison, S., & Sowa, D. (1986). Perceived organizational support. Journal of Applied Psychology, 71(3), 500–507. https://doi.org/10.1037/0021-9010.71.3.500",completed,
4,針對主管領導和部門合作這兩項，如果您有機會直接向管理層提出各...,分工和權責要明確，但是跨部門合作要能相互體諒支援，不是用來推工作的（專案）,部門合作,B3 權責界定與規範落實,B2 支援協作,回覆同時提及分工權責不明確的問題，以及跨部門合作應基於相互支援而非推諉責任，故同時歸入權責界定與支援協作。,建議明確劃分分工權責，並建立跨部門相互體諒與支援的合作文化，避免將合作視為推卸工作的手段。,high,角色界定與規範內化分析,"Rizzo, J. R., House, R. J., & Lirtzman, S. I. (1970). Role conflict and ambiguity in complex organizations. Administrative Science Quarterly, 15(2), 150–163.",互惠與責任承擔分析,"Jolly, P. M., Kong, D. T., & Kim, K. Y. (2021). Social support at work: An integrative review. Journal of Organizational Behavior, 42(2), 229–251. https://doi.org/10.1002/job.2485",completed,
5,針對主管領導和部門合作這兩項，如果您有機會直接向管理層提出各...,主管：在團隊成員間的情感建立，是需要被強化的，目前存在溝通和信任的議題 部門：行銷在溝通事情時都是單點且常無整體規劃、且配套措施常不完善，讓業務單位的人沒有太多時間反應，或是事後都還要再去問，過了一陣子才有方案（T2）,部門合作,B1 溝通與協調機制,A4 領導風格,回覆明確指出部門間溝通缺乏整體規劃與配套（B1），同時提到主管在團隊情感建立與信任感上需加強（A4）。,建議行銷部門提升溝通規劃與配套完整性，並希望主管加強團隊成員間的情感連結與信任建立。,high,流程瓶頸分析,"Malone, T. W., & Crowston, K. (1994). The interdisciplinary study of coordination. ACM Computing Surveys, 26(1), 87–119. https://doi.org/10.1145/174666.174668",基本一致與個人化領導分析,"Rafferty, A. E., & Griffin, M. A. (2006). Refining individualized consideration: Distinguishing developmental leadership and supportive leadership. Journal of Occupational and Organizational Psychology, 79(1), 37–61. https://doi.org/10.1348/096317905X36731",completed,
6,針對主管領導和部門合作這兩項，如果您有機會直接向管理層提出各...,主管需做好部門間的溝通，上層沒有溝通好，很難做事（專案）,部門合作,B1 溝通與協調機制,A4 領導風格,回覆核心在於跨部門溝通不順暢導致專案執行困難，同時指出主管在協調與領導層面需負起責任。,建議主管應加強部門間的溝通協調，以利專案順利推動。,high,流程瓶頸分析,"Malone, T. W., & Crowston, K. (1994). The interdisciplinary study of coordination. ACM Computing Surveys, 26(1), 87–119. https://doi.org/10.1145/174666.174668",基本一致與個人化領導分析,"Rafferty, A. E., & Griffin, M. A. (2006). Refining individualized consideration: Distinguishing developmental leadership and supportive leadership. Journal of Occupational and Organizational Psychology, 79(1), 37–61. https://doi.org/10.1348/096317905X36731",completed,
7,針對主管領導和部門合作這兩項，如果您有機會直接向管理層提出各...,主管領導： 主要是希望主管可以多花時間針對不同狀況的部屬，給予不同的指導跟資源、有形或無形獎勵（個人化），因為每個人的狀態真的不太一樣。 部門合作： 定期交流還是很重要，甚至有非工作上的互動機會， Team 之間 兩個Team 風格跟內部養成就不一樣，被教育的工作標準也不相同，久了當然就各自有一個生態 同要一起協作，一定會有不同的火花。 講師Team對於康士藤核心產品、語言，是否能夠更有一致性或是更願意有其他講師一起協作的可能？ 核心產品、或是課程準備與操作上： 例如：有核心課程或是大專案協作的模式，不是每個老師都Buy in 最後就是只會推固定的老師。 不然就是核心課程、模組也只有幾位老師會談，最後還是用自己的。 例如：母片講了很多次了，一直會出現舊母片、非規定字體，不確定是否有可能改善。（T1）,部門合作,B4 管理一致性,A4 領導風格,回覆核心在於反映不同團隊間工作標準、教材與產品語言的不一致，並同時建議主管應針對不同部屬提供個人化指導與獎勵。,建議提升跨團隊核心產品與教材的一致性，並希望主管能針對部屬差異提供個人化指導與激勵。,high,跨團隊管理與作業一致性分析,"Spee, P., Jarzabkowski, P., & Smets, M. (2016). The influence of routine interdependence and skillful accomplishment on the coordination of standardizing and customizing. Organization Science, 27(3), 759–781. https://doi.org/10.1287/orsc.2016.1050",基本一致與個人化領導分析,"Rafferty, A. E., & Griffin, M. A. (2006). Refining individualized consideration: Distinguishing developmental leadership and supportive leadership. Journal of Occupational and Organizational Psychology, 79(1), 37–61. https://doi.org/10.1348/096317905X36731",completed,
8,針對主管領導和部門合作這兩項，如果您有機會直接向管理層提出各...,主管領導：留才的重要性，人才要培育，也要先留得住人。部門合作：互相尊重，資源共享，不重工，但也不要當伸手牌。（專案）,部門合作,B2 支援協作,A3 主管覺察力,回覆核心在於部門間的資源共享與協作態度（B2），同時提及主管應重視人才培育與留才（A3）。,建議主管重視留才與培育，並呼籲部門間應互相尊重、資源共享，避免重複工作或單向索取。,high,互惠與責任承擔分析,"Jolly, P. M., Kong, D. T., & Kim, K. Y. (2021). Social support at work: An integrative review. Journal of Organizational Behavior, 42(2), 229–251. https://doi.org/10.1002/job.2485",主管與部屬認知落差分析,"Graen, G. B., & Uhl-Bien, M. (1995). Relationship-based approach to leadership: Development of leader-member exchange (LMX) theory of leadership over 25 years. The Leadership Quarterly, 6(2), 219–247. https://doi.org/10.1016/1048-9843(95)90036-5",completed,
9,針對主管領導和部門合作這兩項，如果您有機會直接向管理層提出各...,"主管領導:針對年終業績達成能有獎勵制度/拒絕主管情緒化管理 部門合作:行銷規劃更全面.更完善,不要每次辦活動都像小白（專案）",主管領導,A4 領導風格,B1 溝通與協調機制,回覆同時針對主管的激勵與情緒管理（領導風格）以及行銷活動規劃的完整性（溝通與協調機制）提出具體意見。,建議建立業績獎勵制度、改善主管情緒化管理，並提升行銷活動規劃的完整性與專業度。,high,基本一致與個人化領導分析,"Rafferty, A. E., & Griffin, M. A. (2006). Refining individualized consideration: Distinguishing developmental leadership and supportive leadership. Journal of Occupational and Organizational Psychology, 79(1), 37–61. https://doi.org/10.1348/096317905X36731",流程瓶頸分析,"Malone, T. W., & Crowston, K. (1994). The interdisciplinary study of coordination. ACM Computing Surveys, 26(1), 87–119. https://doi.org/10.1145/174666.174668",completed,
10,針對主管領導和部門合作這兩項，如果您有機會直接向管理層提出各...,主管領導-主管領導風格不一 對現行公司運作無太大影響 部門合作-增加交流或是跨團隊專案的機會，有相同經驗才有機會共融合作，提高團隊運作效能（專案）,部門合作,B2 支援協作,A4 領導風格,回覆核心在於建議透過跨團隊專案增加合作經驗以提升效能，同時提及主管領導風格差異對運作影響有限。,建議增加跨團隊專案與交流機會，以促進團隊共融並提升運作效能。,high,互惠與責任承擔分析,"Jolly, P. M., Kong, D. T., & Kim, K. Y. (2021). Social support at work: An integrative review. Journal of Organizational Behavior, 42(2), 229–251. https://doi.org/10.1002/job.2485",基本一致與個人化領導分析,"Rafferty, A. E., & Griffin, M. A. (2006). Refining individualized consideration: Distinguishing developmental leadership and supportive leadership. Journal of Occupational and Organizational Psychology, 79(1), 37–61. https://doi.org/10.1348/096317905X36731",completed,
11,針對主管領導和部門合作這兩項，如果您有機會直接向管理層提出各...,主管領導我覺得沒有建議，但關於部門合作，我會希望但必要的時刻真的能提供必要的支援（T1）,部門合作,B2 支援協作,,受試者明確指出主管部分無建議，核心訴求為希望跨部門在必要時刻能提供實質支援，符合支援協作定義。,希望跨部門在必要時刻能提供實質的支援與協助。,high,互惠與責任承擔分析,"Jolly, P. M., Kong, D. T., & Kim, K. Y. (2021). Social support at work: An integrative review. Journal of Organizational Behavior, 42(2), 229–251. https://doi.org/10.1002/job.2485",,,completed,
12,針對主管領導和部門合作這兩項，如果您有機會直接向管理層提出各...,主管領導的部分，希望不要在下班後或者假日傳工作訊息 假日很難喘口氣，看到訊息都是壓力的來源（T2）,主管領導,A1 工作與生活邊界,,回覆明確指出下班後與假日收到工作訊息造成壓力，符合工作聯繫侵入私人時間的定義。,希望主管避免在下班後或假日傳送工作訊息，以減輕心理壓力。,high,非工作時間之工作邊界分析,"Park, Y. A., Liu, Y., & Headrick, L. (2020). When work is wanted after hours: Testing weekly stress of information communication technology demands using boundary theory. Journal of Organizational Behavior, 41(6), 518–534. https://doi.org/10.1002/job.2461",,,completed,
13,針對主管領導和部門合作這兩項，如果您有機會直接向管理層提出各...,可以有多一點時間交流（T1）,主管領導,A2 回饋與溝通,,回覆明確表達希望增加與主管或團隊之間的交流時間，符合回饋與溝通類別的定義。,建議增加團隊或主管間的交流時間。,high,互動與溝通需求分析,"Malone, T. W., & Crowston, K. (1994). The interdisciplinary study of coordination. ACM Computing Surveys, 26(1), 87–119. https://doi.org/10.1145/174666.174668",,,completed,
14,針對主管領導和部門合作這兩項，如果您有機會直接向管理層提出各...,目前在主管、同部門同仁、或跨部門同仁的合作，都有獲得幫助，若後續有發現問題會主動提出建議，謝謝。（T1）,其他與建議,C1 正向回饋,,受試者明確表示在主管及部門合作中獲得幫助，符合正向回饋的定義。,對目前主管及部門間的合作感到滿意，並獲得實質幫助。,high,組織支持與正向回饋分析,"Eisenberger, R., Huntington, R., Hutchison, S., & Sowa, D. (1986). Perceived organizational support. Journal of Applied Psychology, 71(3), 500–507. https://doi.org/10.1037/0021-9010.71.3.500",,,completed,
15,針對主管領導和部門合作這兩項，如果您有機會直接向管理層提出各...,目前暫無，謝謝！（T2）,其他與建議,C2 無具體建議,,回覆內容僅表示「暫無」，未包含任何具體建議或明確的正向肯定語句。,受試者目前沒有提出具體建議。,high,中性與資訊不足回覆分析,"Krosnick, J. A. (1991). Response strategies for coping with the cognitive demands of attitude measures in surveys. Applied Cognitive Psychology, 5(3), 213–236. https://doi.org/10.1002/acp.2350050305",,,completed,
16,針對主管領導和部門合作這兩項，如果您有機會直接向管理層提出各...,在主管領導的部分已經很滿意，沒有建議可以提出。而部門合作部分，個人認為可以在知識分享上多作強化，雖然兩個業務團隊已開始有一些行動在進行，但仍覺得與其他團隊之間仍有資訊的落差存在。（T1）,部門合作,B1 溝通與協調機制,C1 正向回饋,受試者對主管領導表示滿意（C1），並針對部門間資訊落差提出改善知識分享與溝通機制的建議（B1）。,對主管領導感到滿意，建議強化跨部門知識分享以改善資訊落差。,high,流程瓶頸分析,"Malone, T. W., & Crowston, K. (1994). The interdisciplinary study of coordination. ACM Computing Surveys, 26(1), 87–119. https://doi.org/10.1145/174666.174668",組織支持與正向回饋分析,"Eisenberger, R., Huntington, R., Hutchison, S., & Sowa, D. (1986). Perceived organizational support. Journal of Applied Psychology, 71(3), 500–507. https://doi.org/10.1037/0021-9010.71.3.500",completed,
17,針對主管領導和部門合作這兩項，如果您有機會直接向管理層提出各...,希望各部門要能主動創造交流機會，現在已經有固定招開T1 T2 的案例分享，但如果能定期召開跨部門協調會議，或建立更即時的溝通平台，讓各部門在有衝突或資源重疊時能快速釐清與協作。目前部門間的溝通並不即時，常常需要透過多重轉述或等待回應，導致資訊落差與效率低落。若能改善，將有助於提升整體協作效能，對個人工作推進與公司運作都會帶來實質幫助。（專案）,部門合作,B1 溝通與協調機制,,回覆核心在於改善跨部門溝通效率、建立協調會議及即時溝通平台，以解決資訊落差與協作延遲問題。,建議建立定期跨部門協調會議與即時溝通平台，以改善資訊傳遞效率並解決資源重疊問題。,high,流程瓶頸分析,"Malone, T. W., & Crowston, K. (1994). The interdisciplinary study of coordination. ACM Computing Surveys, 26(1), 87–119. https://doi.org/10.1145/174666.174668",,,completed,
18,針對主管領導和部門合作這兩項，如果您有機會直接向管理層提出各...,我覺得主管領導和部門合作的狀態是彼此有關係的，主管的風格會影響部門合作的強度，因此會建議各team之間的leaders要有更好的共識，才能讓部門之間和講師與不同部門的協作有更好的綜效（講師）,主管領導,A4 領導風格,B1 溝通與協調機制,受試者認為主管風格影響合作強度，並建議各團隊主管（Leaders）應建立共識以提升跨部門協作綜效。,建議各團隊主管應加強共識，以提升跨部門及講師協作的綜效。,high,基本一致與個人化領導分析,"Rafferty, A. E., & Griffin, M. A. (2006). Refining individualized consideration: Distinguishing developmental leadership and supportive leadership. Journal of Occupational and Organizational Psychology, 79(1), 37–61. https://doi.org/10.1348/096317905X36731",流程瓶頸分析,"Malone, T. W., & Crowston, K. (1994). The interdisciplinary study of coordination. ACM Computing Surveys, 26(1), 87–119. https://doi.org/10.1145/174666.174668",completed,
19,針對主管領導和部門合作這兩項，如果您有機會直接向管理層提出各...,"建議兩組業務TEAM考慮用同一種管理方式或是至少做到資源信息更多的共享, 不然對於講師而言會有蠻大的溝通成本或是迷惘, 這會節省成本促進高效和優化績效（講師）",部門合作,B4 管理一致性,B1 溝通與協調機制,回覆核心在於兩組業務團隊管理方式與資訊共享的不一致，導致講師產生溝通成本與迷惘，符合管理一致性與溝通機制之範疇。,建議兩組業務團隊統一管理方式並加強資源共享，以降低講師溝通成本並提升績效。,high,跨團隊管理與作業一致性分析,"Spee, P., Jarzabkowski, P., & Smets, M. (2016). The influence of routine interdependence and skillful accomplishment on the coordination of standardizing and customizing. Organization Science, 27(3), 759–781. https://doi.org/10.1287/orsc.2016.1050",流程瓶頸分析,"Malone, T. W., & Crowston, K. (1994). The interdisciplinary study of coordination. ACM Computing Surveys, 26(1), 87–119. https://doi.org/10.1145/174666.174668",completed,
20,針對主管領導和部門合作這兩項，如果您有機會直接向管理層提出各...,針對部門之間合作，會希望可以請彼此站在對方角度思考，多一點的同理和彈性。在彼此合作或協助上真正的發揮到自己的專業，而不是遇到困難麻煩就丟回給業務，要業務自己想辦法。（T1）,部門合作,B2 支援協作,,回覆內容強調跨部門合作應具備同理心、發揮專業，並明確指出不應將困難推諉給業務單位，符合支援協作的定義。,希望跨部門合作能多點同理心與彈性，並發揮專業共同解決問題，而非將困難推回給業務單位。,high,互惠與責任承擔分析,"Jolly, P. M., Kong, D. T., & Kim, K. Y. (2021). Social support at work: An integrative review. Journal of Organizational Behavior, 42(2), 229–251. https://doi.org/10.1002/job.2485",,,completed,
21,針對主管領導和部門合作這兩項，如果您有機會直接向管理層提出各...,部分同仁的離職，似乎是與主管互動上有落差，因此定期匿名調查同仁對主管的回饋，讓主管的認知與同仁的實際感受能夠有較準的機會。（專案）,主管領導,A3 主管覺察力,,回覆明確指出主管與同仁間存在認知落差，並建議透過匿名調查來協助主管察覺同仁的實際感受與離職風險。,建議定期進行匿名調查，以縮小主管認知與同仁實際感受間的落差。,high,主管與部屬認知落差分析,"Graen, G. B., & Uhl-Bien, M. (1995). Relationship-based approach to leadership: Development of leader-member exchange (LMX) theory of leadership over 25 years. The Leadership Quarterly, 6(2), 219–247. https://doi.org/10.1016/1048-9843(95)90036-5",,,completed,
22,針對主管領導和部門合作這兩項，如果您有機會直接向管理層提出各...,部門合作：目前已經有開啟案件交流會議，對於資訊流通有很大幫助，另外有些現行用的還不錯的表格表單，舉例執課CHECK LIST，兩個team可以慢慢統一，彈性可以放在對於客戶判斷和經營，但是文件表單統一，對於講師合作和互動，會有統一的標準和默契。 主管領導：夥伴的階段性目標，因為總是會聽到對於交出成績的壓力，在還沒做出成績之前，總是會聽到團隊成員缺乏自我肯定，或者需要主管額外花心力回饋，過程之中總是回流失部分人才，如果有階段性目標，可以讓夥伴理解這個階段的地板標準是甚麼，自己是否有在軌道上，減少一些能量耗損，或者急著達成目標，忽略了過程在注意的細節。（T2）,部門合作,B4 管理一致性,A3 主管覺察力,主要建議統一跨部門表單以建立合作默契，次要建議主管透過階段性目標設定來協助部屬自我肯定並減少人才流失。,建議統一跨部門作業表單以提升合作效率，並透過設定階段性目標來協助部屬掌握進度與減少心理壓力。,high,跨團隊管理與作業一致性分析,"Spee, P., Jarzabkowski, P., & Smets, M. (2016). The influence of routine interdependence and skillful accomplishment on the coordination of standardizing and customizing. Organization Science, 27(3), 759–781. https://doi.org/10.1287/orsc.2016.1050",主管與部屬認知落差分析,"Graen, G. B., & Uhl-Bien, M. (1995). Relationship-based approach to leadership: Development of leader-member exchange (LMX) theory of leadership over 25 years. The Leadership Quarterly, 6(2), 219–247. https://doi.org/10.1016/1048-9843(95)90036-5",completed,
23,針對主管領導和部門合作這兩項，如果您有機會直接向管理層提出各...,無（T2）,其他與建議,C2 無具體建議,,回覆內容僅表示「無」，未包含任何具體建議或正向評價。,受試者無提供具體建議。,high,中性與資訊不足回覆分析,"Krosnick, J. A. (1991). Response strategies for coping with the cognitive demands of attitude measures in surveys. Applied Cognitive Psychology, 5(3), 213–236. https://doi.org/10.1002/acp.2350050305",,,completed,
24,針對主管領導和部門合作這兩項，如果您有機會直接向管理層提出各...,無（講師）,其他與建議,C2 無具體建議,,回覆內容僅表示「無」，未包含任何具體建議或正向評價，故歸入無具體建議。,受試者無提供具體建議。,high,中性與資訊不足回覆分析,"Krosnick, J. A. (1991). Response strategies for coping with the cognitive demands of attitude measures in surveys. Applied Cognitive Psychology, 5(3), 213–236. https://doi.org/10.1002/acp.2350050305",,,completed,
25,針對主管領導和部門合作這兩項，如果您有機會直接向管理層提出各...,暫時沒有（講師）,其他與建議,C2 無具體建議,,回覆內容僅表示「暫時沒有」，未包含具體建議或明確的正向評價。,受試者目前沒有提出具體建議。,high,中性與資訊不足回覆分析,"Krosnick, J. A. (1991). Response strategies for coping with the cognitive demands of attitude measures in surveys. Applied Cognitive Psychology, 5(3), 213–236. https://doi.org/10.1002/acp.2350050305",,,completed,
1,關於工作表現的回饋及職涯發展，您認為公司再強化或提供哪些協助...,讓績優員工可以有分享工作心得或心法的機會。也就是在月會頒獎後，可以給同仁發表心得的機會。 另外，是否可以增設專案Team的績優獎項(一季一次)，由同仁票選產出，並於月會頒獎及發表心得。（專案）,工作表現的回饋及職涯發展,A6 職涯發展與回饋制度,A1 獎酬、激勵與晉升制度,回覆主要建議透過分享心得進行經驗傳承（A6），並同時提出增設專案團隊績優獎項的激勵制度需求（A1）。,建議增加績優員工分享心得的機會，並增設由同仁票選的專案團隊績優獎項。,high,職涯支持與導師需求分析,"Jyoti, J., & Sharma, P. (2015). Impact of mentoring functions on career development: Moderating role of mentoring culture and mentoring structure. Global Business Review, 16(4), 700–718. https://doi.org/10.1177/0972150915581110",獎酬與職涯期望分析,"Vroom, V. H. (1964). Work and motivation. Wiley.",completed,
2,關於工作表現的回饋及職涯發展，您認為公司再強化或提供哪些協助...,講師不太需要激勵，至少我不需要，每次的講師會議就是充電的時間，許久不見的講師群可以碰面瞎聊，是我每季最期待的日子！（講師）,其他與建議,B1 正向回饋,,受試者明確表達對講師會議的期待與喜愛，認為該活動具有充電與社交的正向價值，屬於對現行制度的肯定。,受試者對講師會議感到滿意，認為這是每季充電與同儕交流的重要時刻。,high,歸納式質性內容分析,"Elo, S., & Kyngäs, H. (2008). The qualitative content analysis process. Journal of Advanced Nursing, 62(1), 107–115. https://doi.org/10.1111/j.1365-2648.2007.04569.x",,,completed,
3,關於工作表現的回饋及職涯發展，您認為公司再強化或提供哪些協助...,獎酬差異化。（講師）,工作表現的回饋及職涯發展,A1 獎酬、激勵與晉升制度,,回覆明確指出對獎酬制度的需求，屬於薪資與激勵範疇。,建議實施獎酬差異化制度。,high,獎酬與職涯期望分析,"Vroom, V. H. (1964). Work and motivation. Wiley.",,,completed,
4,關於工作表現的回饋及職涯發展，您認為公司再強化或提供哪些協助...,無（講師）,其他與建議,B2 無具體建議,,回覆內容僅表示「無」，未包含任何具體建議或明確的正向評價。,受試者無提供具體建議。,high,中性與資訊不足回覆分析,"Krosnick, J. A. (1991). Response strategies for coping with the cognitive demands of attitude measures in surveys. Applied Cognitive Psychology, 5(3), 213–236. https://doi.org/10.1002/acp.2350050305",,,completed,
5,關於工作表現的回饋及職涯發展，您認為公司再強化或提供哪些協助...,設備投入不要讓設備造成工作上的負擔，加強創新，利用 AI 創造更多效率（專案）,工作表現的回饋及職涯發展,A3 設備資源與數位支持,,回覆明確要求改善工作設備以減輕負擔，並建議導入 AI 工具以提升專案作業效率。,建議優化工作設備並導入 AI 工具以提升專案執行效率。,high,科技資源與工作效能分析,"Goodhue, D. L., & Thompson, R. L. (1995). Task-technology fit and individual performance. MIS Quarterly, 19(2), 213–236. https://doi.org/10.2307/249689",,,completed,
6,關於工作表現的回饋及職涯發展，您認為公司再強化或提供哪些協助...,設立「即時表現獎勵」或「小成就獎勵制度」: 除了年度獎金或考績，針對專案完成、創新提案、加班支援等具體貢獻，提供即時獎勵（如：小額獎金、餐券）。（專案）,工作表現的回饋及職涯發展,A1 獎酬、激勵與晉升制度,,回覆明確建議設立即時獎勵制度以表彰具體貢獻，符合獎酬與激勵制度的範疇。,建議針對專案完成或創新提案等具體貢獻，設立即時獎勵制度。,high,獎酬與職涯期望分析,"Vroom, V. H. (1964). Work and motivation. Wiley.",,,completed,
7,關於工作表現的回饋及職涯發展，您認為公司再強化或提供哪些協助...,非工作上的團隊凝聚與活動，例如：運動風氣 有別於工作以外的舞台和人生目標，讓員工有跟公司更多的情感連結（T2）,工作表現的回饋及職涯發展,A8 工作優化與身心平衡,,回覆明確提及團隊凝聚、運動風氣及情感連結，符合工作優化與身心平衡的定義。,建議增加非工作相關的團隊活動與運動風氣，以強化員工與公司的情感連結。,high,工作資源與恢復機制分析,"Sonnentag, S., & Fritz, C. (2007). The Recovery Experience Questionnaire: Development and validation of a measure for assessing recuperation and unwinding from work. Journal of Occupational Health Psychology, 12(3), 204–221. https://doi.org/10.1037/1076-8998.12.3.204",,,completed,
8,關於工作表現的回饋及職涯發展，您認為公司再強化或提供哪些協助...,或許可以和一些外部線上學習平台簽訂特約，以較為優惠的價格進行線上課程的自主學習。（T2）,工作表現的回饋及職涯發展,A5 教育訓練,,受試者建議公司與外部線上學習平台合作以取得優惠，旨在促進員工自主學習與能力提升，符合教育訓練範疇。,建議公司與外部線上學習平台簽訂特約，提供員工優惠以利自主學習。,high,知識賦能與趨勢接軌分析,"Spreitzer, G. M. (1995). Psychological empowerment in the workplace: Dimensions, measurement, and validation. Academy of Management Journal, 38(5), 1442–1465. https://doi.org/10.5465/256865",,,completed,
9,關於工作表現的回饋及職涯發展，您認為公司再強化或提供哪些協助...,沒有明確的工作表現的回饋（專案）,工作表現的回饋及職涯發展,A9 客觀與具體回饋,,受試者明確指出缺乏針對專案表現的明確回饋，符合對回饋具體性與明確性的需求。,反映目前缺乏針對專案工作表現的明確回饋。,high,客觀績效標準與回饋分析,"Kluger, A. N., & DeNisi, A. (1996). The effects of feedback interventions on performance. Psychological Bulletin, 119(2), 254–284. https://doi.org/10.1037/0033-2909.119.2.254",,,completed,
10,關於工作表現的回饋及職涯發展，您認為公司再強化或提供哪些協助...,我覺得執課PM是很辛苦又非常重要的一環，PM穩定，業務也會相對穩定，對PM的養成與重視，也許可以更加留意（T1）,工作表現的回饋及職涯發展,A4 PM 發展與留才,,回覆明確指出執課PM的重要性及其對業務穩定的影響，並建議公司應加強對PM職能的養成與重視。,建議公司應更加重視執課PM的職能培育與留任，以維持業務穩定。,high,關鍵職能價值辨分析,"Hackman, J. R., & Oldham, G. R. (1976). Motivation through the design of work: Test of a theory. Organizational Behavior and Human Performance, 16(2), 250–279. https://doi.org/10.1016/0030-5073(76)90016-7",,,completed,
11,關於工作表現的回饋及職涯發展，您認為公司再強化或提供哪些協助...,希望能提供詳細的薪資條和完善加薪制度（專案）,工作表現的回饋及職涯發展,A1 獎酬、激勵與晉升制度,,回覆明確提及薪資透明度（薪資條）與加薪制度，符合 A1 類別定義。,建議提供詳細薪資條並建立完善的專案加薪制度。,high,獎酬與職涯期望分析,"Vroom, V. H. (1964). Work and motivation. Wiley.",,,completed,
12,關於工作表現的回饋及職涯發展，您認為公司再強化或提供哪些協助...,希望能有明確晉升制度與加薪考核辦法，才會知道明確的努力方向與標準。（專案）,工作表現的回饋及職涯發展,A1 獎酬、激勵與晉升制度,,回覆明確提及對晉升制度與加薪考核辦法的需求，符合 A1 類別定義。,希望公司能建立明確的晉升與加薪考核標準，以利員工掌握努力方向。,high,獎酬與職涯期望分析,"Vroom, V. H. (1964). Work and motivation. Wiley.",,,completed,
13,關於工作表現的回饋及職涯發展，您認為公司再強化或提供哪些協助...,行銷不夠具有市場上的競爭優勢，不管是文宣、還是主題都需要再思考過，可以考慮再多買一些廣告做曝光。（T1）,工作表現的回饋及職涯發展,A2 品牌定位與市場曝光,,回覆明確指出公司行銷文宣、主題及廣告曝光不足，直接涉及品牌定位與市場競爭力議題。,建議重新檢視行銷文宣與主題，並增加廣告投放以提升市場競爭力。,high,品牌權益與市場曝光分析,"Keller, K. L. (1993). Conceptualizing, measuring, and managing customer-based brand equity. Journal of Marketing, 57(1), 1–22. https://doi.org/10.1177/002224299305700101",,,completed,
14,關於工作表現的回饋及職涯發展，您認為公司再強化或提供哪些協助...,"自我的培訓多重在課程內容的了解或是販賣, 較少接軌趨勢或是更上新的話題發展, 這點建議公司可以做這樣的設計, 例如請年輕的夥伴分享AI的運用, 或是分享跨世代溝通的感受, 免得因為管理層或是老師的年紀和資歷而僵化（講師）",工作表現的回饋及職涯發展,A5 教育訓練,A7 雙向溝通,受試者主要建議增加 AI 應用與跨世代溝通等新趨勢培訓，並透過年輕夥伴分享來促進內部交流，避免組織僵化。,建議公司增加 AI 趨勢與跨世代溝通等培訓，並鼓勵年輕夥伴分享以促進內部交流。,high,知識賦能與趨勢接軌分析,"Spreitzer, G. M. (1995). Psychological empowerment in the workplace: Dimensions, measurement, and validation. Academy of Management Journal, 38(5), 1442–1465. https://doi.org/10.5465/256865",雙向互動與回饋需求分析,"Graen, G. B., & Uhl-Bien, M. (1995). Relationship-based approach to leadership: Development of leader–member exchange (LMX) theory of leadership over 25 years: Applying a multi-level multi-domain perspective. The Leadership Quarterly, 6(2), 219–247. https://doi.org/10.1016/1048-9843(95)90036-5",completed,
15,關於工作表現的回饋及職涯發展，您認為公司再強化或提供哪些協助...,在電腦設備如果有補助會是個加分項目，給予自我學習的機會和支持。（T1）,工作表現的回饋及職涯發展,A3 設備資源與數位支持,A5 教育訓練,回覆明確提出電腦設備補助需求（A3），並同時表達對自我學習機會與支持的期待（A5）。,建議提供電腦設備補助，並給予更多自我學習的機會與支持。,high,科技資源與工作效能分析,"Goodhue, D. L., & Thompson, R. L. (1995). Task-technology fit and individual performance. MIS Quarterly, 19(2), 213–236. https://doi.org/10.2307/249689",知識賦能與趨勢接軌分析,"Spreitzer, G. M. (1995). Psychological empowerment in the workplace: Dimensions, measurement, and validation. Academy of Management Journal, 38(5), 1442–1465. https://doi.org/10.5465/256865",completed,
16,關於工作表現的回饋及職涯發展，您認為公司再強化或提供哪些協助...,目前覺得都還ok（T2）,其他與建議,B1 正向回饋,,受試者明確表示「目前覺得都還ok」，屬於對現況的肯定與滿意。,受試者對現況感到滿意。,high,歸納式質性內容分析,"Elo, S., & Kyngäs, H. (2008). The qualitative content analysis process. Journal of Advanced Nursing, 62(1), 107–115. https://doi.org/10.1111/j.1365-2648.2007.04569.x",,,completed,
17,關於工作表現的回饋及職涯發展，您認為公司再強化或提供哪些協助...,目前想到的多是自己的能力需要再提升，要靠自己多去看書和了解產業知識（T2）,工作表現的回饋及職涯發展,A5 教育訓練,,受試者明確提到需要提升個人能力，並透過閱讀與了解產業知識來達成，符合自主學習與能力提升的定義。,受試者認為需透過自主閱讀與學習產業知識來提升個人能力。,high,知識賦能與趨勢接軌分析,"Spreitzer, G. M. (1995). Psychological empowerment in the workplace: Dimensions, measurement, and validation. Academy of Management Journal, 38(5), 1442–1465. https://doi.org/10.5465/256865",,,completed,
18,關於工作表現的回饋及職涯發展，您認為公司再強化或提供哪些協助...,目前都很好（專案）,其他與建議,B1 正向回饋,,受試者明確表示「目前都很好」，表達了對現況的滿意與肯定。,受試者對目前專案執行狀況感到滿意。,high,歸納式質性內容分析,"Elo, S., & Kyngäs, H. (2008). The qualitative content analysis process. Journal of Advanced Nursing, 62(1), 107–115. https://doi.org/10.1111/j.1365-2648.2007.04569.x",,,completed,
19,關於工作表現的回饋及職涯發展，您認為公司再強化或提供哪些協助...,目前已經很好（T1）,其他與建議,B1 正向回饋,,受試者明確表示「目前已經很好」，符合正向回饋的定義。,受試者對現況感到滿意。,high,歸納式質性內容分析,"Elo, S., & Kyngäs, H. (2008). The qualitative content analysis process. Journal of Advanced Nursing, 62(1), 107–115. https://doi.org/10.1111/j.1365-2648.2007.04569.x",,,completed,
20,關於工作表現的回饋及職涯發展，您認為公司再強化或提供哪些協助...,目前工作表現都能獲得主管和同仁的直接回饋，我覺得很好。但若能有更多創新趨勢或AI工具的使用或訓練，我覺得更能對公司或個人職涯有更好發展，謝謝。（T1）,工作表現的回饋及職涯發展,A5 教育訓練,A3 設備資源與數位支持,受試者肯定現有回饋機制（B1），並明確提出對 AI 工具使用訓練及創新趨勢學習的需求（A5、A3）。,肯定現有回饋機制，並建議增加 AI 工具應用訓練及創新趨勢相關課程。,high,知識賦能與趨勢接軌分析,"Spreitzer, G. M. (1995). Psychological empowerment in the workplace: Dimensions, measurement, and validation. Academy of Management Journal, 38(5), 1442–1465. https://doi.org/10.5465/256865",科技資源與工作效能分析,"Goodhue, D. L., & Thompson, R. L. (1995). Task-technology fit and individual performance. MIS Quarterly, 19(2), 213–236. https://doi.org/10.2307/249689",completed,
21,關於工作表現的回饋及職涯發展，您認為公司再強化或提供哪些協助...,可以有多一點時間互動說明（T1）,工作表現的回饋及職涯發展,A7 雙向溝通,,受試者明確提出希望增加互動說明時間，符合雙向溝通中關於增加交流與回應的需求。,建議增加主管與部屬之間互動與說明的工作時間。,high,雙向互動與回饋需求分析,"Graen, G. B., & Uhl-Bien, M. (1995). Relationship-based approach to leadership: Development of leader–member exchange (LMX) theory of leadership over 25 years: Applying a multi-level multi-domain perspective. The Leadership Quarterly, 6(2), 219–247. https://doi.org/10.1016/1048-9843(95)90036-5",,,completed,
22,關於工作表現的回饋及職涯發展，您認為公司再強化或提供哪些協助...,加獎金是一個直接的方式，另外需要在個人能力提升方面有更系統性和一致性的做法（講師）,工作表現的回饋及職涯發展,A1 獎酬、激勵與晉升制度,A5 教育訓練,回覆明確提出獎金需求（A1）以及對個人能力提升系統性做法的建議（A5）。,建議增加獎金激勵，並建立更系統化與一致性的個人能力提升機制。,high,獎酬與職涯期望分析,"Vroom, V. H. (1964). Work and motivation. Wiley.",知識賦能與趨勢接軌分析,"Spreitzer, G. M. (1995). Psychological empowerment in the workplace: Dimensions, measurement, and validation. Academy of Management Journal, 38(5), 1442–1465. https://doi.org/10.5465/256865",completed,
23,關於工作表現的回饋及職涯發展，您認為公司再強化或提供哪些協助...,工作表現的回饋不要隨個人喜好（T2）,工作表現的回饋及職涯發展,A9 客觀與具體回饋,,受試者明確指出回饋不應受個人喜好影響，核心訴求為績效評價的客觀性與公平性。,建議工作表現的回饋應建立客觀標準，避免受個人喜好影響。,high,客觀績效標準與回饋分析,"Kluger, A. N., & DeNisi, A. (1996). The effects of feedback interventions on performance. Psychological Bulletin, 119(2), 254–284. https://doi.org/10.1037/0033-2909.119.2.254",,,completed,
24,關於工作表現的回饋及職涯發展，您認為公司再強化或提供哪些協助...,1.未來會成長到或在哪個位子，其實沒有很明朗或是很具體的升遷地圖。 2.薪資不是不重要，當然希望能持續的成長。 3.我覺得公司如果可以有更多培養我們如何工作的更聰明、工作跟生活能處於動態平衡，會很能夠激勵到我們去獲得成就感。（因為都會有點透過不斷試錯、聽經驗的方式，但事實上就真的會容易有許多失衡的狀態，尤其很忙的時候）（T1）,工作表現的回饋及職涯發展,A1 獎酬、激勵與晉升制度,A8 工作優化與身心平衡,受試者主要反映缺乏明確的升遷地圖與薪資成長期待（A1），並同時提出希望優化工作方式以達成身心平衡（A8）。,建議提供明確的職涯升遷地圖、薪資成長規劃，並協助員工優化工作方式以達成身心平衡。,high,獎酬與職涯期望分析,"Vroom, V. H. (1964). Work and motivation. Wiley.",工作資源與恢復機制分析,"Sonnentag, S., & Fritz, C. (2007). The Recovery Experience Questionnaire: Development and validation of a measure for assessing recuperation and unwinding from work. Journal of Occupational Health Psychology, 12(3), 204–221. https://doi.org/10.1037/1076-8998.12.3.204",completed,
25,關於工作表現的回饋及職涯發展，您認為公司再強化或提供哪些協助...,1. 關於工作回饋的表現，如果薪水跟獎金在發放前，就能知道大概的級距對我會更有幫助。因為我會自己依據獎金的幅度做工作目標達成的調整。比如像壽險業的保險員會清楚的知道，醫療保單抽多少比例的佣金。就能知道自己的努力該如何施力。 2. 職涯發展 : 終極目標朝向Evan哥的方向走。（T2）,工作表現的回饋及職涯發展,A1 獎酬、激勵與晉升制度,A6 職涯發展與回饋制度,回覆主要訴求為薪資獎金級距透明化以利目標設定（A1），並提及以特定前輩為職涯發展目標（A6）。,建議公開薪資獎金級距以利工作目標調整，並以特定前輩為職涯發展典範。,high,獎酬與職涯期望分析,"Vroom, V. H. (1964). Work and motivation. Wiley.",職涯支持與導師需求分析,"Jyoti, J., & Sharma, P. (2015). Impact of mentoring functions on career development: Moderating role of mentoring culture and mentoring structure. Global Business Review, 16(4), 700–718. https://doi.org/10.1177/0972150915581110",completed,
26,關於工作表現的回饋及職涯發展，您認為公司再強化或提供哪些協助...,1. 期待有Mentor定期1:1，在發展與適應過程中能有Mentor能及時答疑解惑 2. 定期部門成員們分享所見所學 3. 主管們的肯定回饋可以更主動一些（講師）,工作表現的回饋及職涯發展,A6 職涯發展與回饋制度,A7 雙向溝通,主要訴求為建立 Mentor 制度以協助職涯發展，次要訴求為增加部門知識分享及主管主動給予肯定回饋。,期待建立 Mentor 制度、增加部門知識分享，並希望主管能更主動給予肯定回饋。,high,職涯支持與導師需求分析,"Jyoti, J., & Sharma, P. (2015). Impact of mentoring functions on career development: Moderating role of mentoring culture and mentoring structure. Global Business Review, 16(4), 700–718. https://doi.org/10.1177/0972150915581110",雙向互動與回饋需求分析,"Graen, G. B., & Uhl-Bien, M. (1995). Relationship-based approach to leadership: Development of leader–member exchange (LMX) theory of leadership over 25 years: Applying a multi-level multi-domain perspective. The Leadership Quarterly, 6(2), 219–247. https://doi.org/10.1016/1048-9843(95)90036-5",completed,
